temp,yy,mm,dd
-6.8,2011,1,1
-5.4,2011,1,2
-4.5,2011,1,3
-3.9,2011,1,4
-4.0,2011,1,5
-7.6,2011,1,6
-7.0,2011,1,7
-3.6,2011,1,8
-7.0,2011,1,9
-8.2,2011,1,10
-5.4,2011,1,11
-8.2,2011,1,12
-5.9,2011,1,13
-3.8,2011,1,14
-12.2,2011,1,15
-14.5,2011,1,16
-9.7,2011,1,17
-6.7,2011,1,18
-6.6,2011,1,19
-8.2,2011,1,20
-6.8,2011,1,21
-4.3,2011,1,22
-4.5,2011,1,23
-8.8,2011,1,24
-8.4,2011,1,25
-8.5,2011,1,26
-8.9,2011,1,27
-7.9,2011,1,28
-9.1,2011,1,29
-10.1,2011,1,30
-6.2,2011,1,31
-0.2,2011,2,1
1.3,2011,2,2
1.5,2011,2,3
1.2,2011,2,4
1.1,2011,2,5
0.3,2011,2,6
0.3,2011,2,7
2.9,2011,2,8
-1.2,2011,2,9
-2.1,2011,2,10
-2.9,2011,2,11
-5.9,2011,2,12
-4.8,2011,2,13
-3.4,2011,2,14
-1.8,2011,2,15
-0.6,2011,2,16
0.9,2011,2,17
1.6,2011,2,18
1.4,2011,2,19
5.3,2011,2,20
6.2,2011,2,21
6.2,2011,2,22
5.6,2011,2,23
6.1,2011,2,24
2.0,2011,2,25
6.2,2011,2,26
4.2,2011,2,27
2.8,2011,2,28
0.5,2011,3,1
-2.1,2011,3,2
-2.1,2011,3,3
0.1,2011,3,4
2.1,2011,3,5
3.4,2011,3,6
1.6,2011,3,7
1.6,2011,3,8
0.2,2011,3,9
1.4,2011,3,10
4.6,2011,3,11
7.8,2011,3,12
10.7,2011,3,13
6.7,2011,3,14
1.5,2011,3,15
-0.4,2011,3,16
0.8,2011,3,17
5.7,2011,3,18
8.8,2011,3,19
6.9,2011,3,20
8.0,2011,3,21
1.8,2011,3,22
2.2,2011,3,23
2.9,2011,3,24
2.2,2011,3,25
3.6,2011,3,26
5.1,2011,3,27
5.2,2011,3,28
4.8,2011,3,29
7.3,2011,3,30
9.2,2011,3,31
9.1,2011,4,1
8.9,2011,4,2
9.6,2011,4,3
10.1,2011,4,4
10.7,2011,4,5
10.6,2011,4,6
9.6,2011,4,7
11.4,2011,4,8
9.9,2011,4,9
10.8,2011,4,10
10.4,2011,4,11
10.2,2011,4,12
11.3,2011,4,13
12.4,2011,4,14
12.2,2011,4,15
12.1,2011,4,16
12.0,2011,4,17
6.7,2011,4,18
10.8,2011,4,19
11.2,2011,4,20
13.5,2011,4,21
8.9,2011,4,22
9.7,2011,4,23
9.7,2011,4,24
11.3,2011,4,25
10.5,2011,4,26
11.4,2011,4,27
10.4,2011,4,28
13.2,2011,4,29
13.0,2011,4,30
12.5,2011,5,1
14.2,2011,5,2
15.3,2011,5,3
15.9,2011,5,4
17.5,2011,5,5
15.4,2011,5,6
14.5,2011,5,7
17.3,2011,5,8
17.6,2011,5,9
16.5,2011,5,10
17.2,2011,5,11
15.7,2011,5,12
14.6,2011,5,13
17.2,2011,5,14
17.2,2011,5,15
16.4,2011,5,16
17.5,2011,5,17
20.5,2011,5,18
20.7,2011,5,19
17.5,2011,5,20
14.5,2011,5,21
17.3,2011,5,22
19.5,2011,5,23
21.5,2011,5,24
22.7,2011,5,25
20.7,2011,5,26
20.1,2011,5,27
22.4,2011,5,28
24.4,2011,5,29
22.7,2011,5,30
18.7,2011,5,31
18.0,2011,6,1
19.0,2011,6,2
19.0,2011,6,3
18.7,2011,6,4
20.4,2011,6,5
20.9,2011,6,6
20.9,2011,6,7
22.0,2011,6,8
19.4,2011,6,9
21.4,2011,6,10
24.0,2011,6,11
23.4,2011,6,12
21.0,2011,6,13
22.8,2011,6,14
25.2,2011,6,15
26.5,2011,6,16
24.9,2011,6,17
24.5,2011,6,18
26.6,2011,6,19
26.6,2011,6,20
24.1,2011,6,21
22.7,2011,6,22
22.0,2011,6,23
19.7,2011,6,24
18.3,2011,6,25
19.2,2011,6,26
19.2,2011,6,27
24.1,2011,6,28
21.0,2011,6,29
23.8,2011,6,30
25.1,2011,7,1
24.7,2011,7,2
22.6,2011,7,3
22.5,2011,7,4
24.3,2011,7,5
25.6,2011,7,6
22.9,2011,7,7
22.4,2011,7,8
23.6,2011,7,9
24.2,2011,7,10
21.2,2011,7,11
22.8,2011,7,12
24.3,2011,7,13
23.6,2011,7,14
23.4,2011,7,15
22.8,2011,7,16
25.1,2011,7,17
28.7,2011,7,18
28.5,2011,7,19
27.6,2011,7,20
27.1,2011,7,21
24.1,2011,7,22
25.4,2011,7,23
24.8,2011,7,24
24.9,2011,7,25
24.8,2011,7,26
24.0,2011,7,27
24.7,2011,7,28
26.2,2011,7,29
27.2,2011,7,30
24.7,2011,7,31
25.6,2011,8,1
26.1,2011,8,2
25.4,2011,8,3
25.4,2011,8,4
28.9,2011,8,5
28.5,2011,8,6
28.7,2011,8,7
24.7,2011,8,8
26.0,2011,8,9
25.8,2011,8,10
26.6,2011,8,11
25.3,2011,8,12
25.3,2011,8,13
25.0,2011,8,14
24.5,2011,8,15
25.0,2011,8,16
23.7,2011,8,17
25.2,2011,8,18
24.4,2011,8,19
23.1,2011,8,20
24.4,2011,8,21
23.5,2011,8,22
24.3,2011,8,23
24.8,2011,8,24
25.7,2011,8,25
26.4,2011,8,26
27.6,2011,8,27
27.3,2011,8,28
26.8,2011,8,29
27.1,2011,8,30
27.9,2011,8,31
27.0,2011,9,1
26.9,2011,9,2
25.1,2011,9,3
23.7,2011,9,4
23.8,2011,9,5
23.4,2011,9,6
22.6,2011,9,7
22.3,2011,9,8
19.9,2011,9,9
21.5,2011,9,10
21.2,2011,9,11
23.3,2011,9,12
25.0,2011,9,13
24.4,2011,9,14
25.7,2011,9,15
25.6,2011,9,16
25.8,2011,9,17
21.0,2011,9,18
16.8,2011,9,19
17.7,2011,9,20
18.1,2011,9,21
18.1,2011,9,22
19.5,2011,9,23
19.6,2011,9,24
20.0,2011,9,25
21.2,2011,9,26
21.8,2011,9,27
19.8,2011,9,28
16.9,2011,9,29
14.8,2011,9,30
12.7,2011,10,1
13.3,2011,10,2
13.8,2011,10,3
14.9,2011,10,4
16.4,2011,10,5
16.5,2011,10,6
15.4,2011,10,7
16.2,2011,10,8
16.6,2011,10,9
16.9,2011,10,10
16.5,2011,10,11
14.7,2011,10,12
16.6,2011,10,13
14.4,2011,10,14
13.0,2011,10,15
14.8,2011,10,16
11.2,2011,10,17
9.4,2011,10,18
12.8,2011,10,19
15.5,2011,10,20
17.3,2011,10,21
17.1,2011,10,22
16.5,2011,10,23
12.3,2011,10,24
7.6,2011,10,25
9.5,2011,10,26
12.7,2011,10,27
14.5,2011,10,28
12.0,2011,10,29
14.8,2011,10,30
15.0,2011,10,31
16.1,2011,11,1
16.2,2011,11,2
16.8,2011,11,3
18.4,2011,11,4
19.9,2011,11,5
14.6,2011,11,6
15.1,2011,11,7
14.9,2011,11,8
14.5,2011,11,9
14.1,2011,11,10
12.5,2011,11,11
12.0,2011,11,12
11.3,2011,11,13
6.4,2011,11,14
7.2,2011,11,15
10.9,2011,11,16
13.6,2011,11,17
14.2,2011,11,18
10.6,2011,11,19
0.4,2011,11,20
1.6,2011,11,21
5.6,2011,11,22
2.8,2011,11,23
-1.6,2011,11,24
2.8,2011,11,25
5.6,2011,11,26
13.5,2011,11,27
14.6,2011,11,28
11.3,2011,11,29
4.7,2011,11,30
5.8,2011,12,1
5.5,2011,12,2
5.3,2011,12,3
2.5,2011,12,4
1.5,2011,12,5
3.9,2011,12,6
4.0,2011,12,7
0.1,2011,12,8
-2.7,2011,12,9
-1.7,2011,12,10
2.8,2011,12,11
3.5,2011,12,12
1.5,2011,12,13
2.4,2011,12,14
-3.9,2011,12,15
-7.1,2011,12,16
-5.8,2011,12,17
-2.4,2011,12,18
-2.4,2011,12,19
-0.3,2011,12,20
1.9,2011,12,21
-5.5,2011,12,22
-5.4,2011,12,23
-5.2,2011,12,24
-7.1,2011,12,25
-7.1,2011,12,26
-4.0,2011,12,27
-0.5,2011,12,28
-1.7,2011,12,29
-3.0,2011,12,30
-1.9,2011,12,31
-3.0,2012,1,1
-4.8,2012,1,2
-4.5,2012,1,3
-7.4,2012,1,4
-5.7,2012,1,5
-2.8,2012,1,6
-3.8,2012,1,7
-2.5,2012,1,8
-0.3,2012,1,9
-2.5,2012,1,10
-6.0,2012,1,11
-4.6,2012,1,12
-1.2,2012,1,13
-1.5,2012,1,14
-2.6,2012,1,15
1.0,2012,1,16
2.8,2012,1,17
1.4,2012,1,18
5.3,2012,1,19
5.4,2012,1,20
2.4,2012,1,21
-7.7,2012,1,22
-9.6,2012,1,23
-7.3,2012,1,24
-8.2,2012,1,25
-2.9,2012,1,26
-0.9,2012,1,27
-1.8,2012,1,28
-2.8,2012,1,29
-5.6,2012,1,30
-4.7,2012,1,31
-12.8,2012,2,1
-13.7,2012,2,2
-8.6,2012,2,3
-3.0,2012,2,4
-0.9,2012,2,5
0.9,2012,2,6
-8.7,2012,2,7
-8.0,2012,2,8
-4.5,2012,2,9
-3.5,2012,2,10
-3.8,2012,2,11
-0.1,2012,2,12
3.1,2012,2,13
3.0,2012,2,14
-1.3,2012,2,15
-2.8,2012,2,16
-6.4,2012,2,17
-6.8,2012,2,18
-4.4,2012,2,19
-0.2,2012,2,20
2.3,2012,2,21
5.8,2012,2,22
4.4,2012,2,23
4.3,2012,2,24
1.2,2012,2,25
-1.6,2012,2,26
-0.7,2012,2,27
2.1,2012,2,28
5.4,2012,2,29
8.7,2012,3,1
6.9,2012,3,2
6.9,2012,3,3
6.2,2012,3,4
5.3,2012,3,5
3.0,2012,3,6
3.0,2012,3,7
2.0,2012,3,8
3.4,2012,3,9
3.9,2012,3,10
-2.4,2012,3,11
-1.6,2012,3,12
1.7,2012,3,13
3.6,2012,3,14
5.5,2012,3,15
8.1,2012,3,16
10.4,2012,3,17
6.9,2012,3,18
2.8,2012,3,19
3.1,2012,3,20
4.3,2012,3,21
7.8,2012,3,22
5.0,2012,3,23
3.3,2012,3,24
3.6,2012,3,25
3.9,2012,3,26
6.4,2012,3,27
10.1,2012,3,28
11.6,2012,3,29
9.0,2012,3,30
5.4,2012,3,31
4.6,2012,4,1
8.3,2012,4,2
4.9,2012,4,3
7.2,2012,4,4
6.7,2012,4,5
5.4,2012,4,6
5.9,2012,4,7
11.3,2012,4,8
15.4,2012,4,9
13.7,2012,4,10
12.2,2012,4,11
8.9,2012,4,12
10.3,2012,4,13
10.5,2012,4,14
13.4,2012,4,15
11.9,2012,4,16
13.6,2012,4,17
15.2,2012,4,18
17.0,2012,4,19
18.4,2012,4,20
11.4,2012,4,21
9.4,2012,4,22
12.9,2012,4,23
19.7,2012,4,24
15.1,2012,4,25
11.9,2012,4,26
15.2,2012,4,27
17.0,2012,4,28
19.9,2012,4,29
22.9,2012,4,30
22.6,2012,5,1
23.1,2012,5,2
20.0,2012,5,3
19.7,2012,5,4
18.8,2012,5,5
18.1,2012,5,6
18.5,2012,5,7
20.8,2012,5,8
20.7,2012,5,9
20.1,2012,5,10
16.2,2012,5,11
17.1,2012,5,12
19.1,2012,5,13
16.1,2012,5,14
16.9,2012,5,15
16.6,2012,5,16
16.6,2012,5,17
18.1,2012,5,18
19.5,2012,5,19
21.3,2012,5,20
23.0,2012,5,21
23.3,2012,5,22
22.1,2012,5,23
19.7,2012,5,24
20.5,2012,5,25
19.8,2012,5,26
19.3,2012,5,27
20.9,2012,5,28
21.6,2012,5,29
20.7,2012,5,30
20.9,2012,5,31
21.4,2012,6,1
23.1,2012,6,2
23.3,2012,6,3
23.7,2012,6,4
22.5,2012,6,5
23.0,2012,6,6
23.0,2012,6,7
22.2,2012,6,8
24.2,2012,6,9
23.7,2012,6,10
23.2,2012,6,11
22.6,2012,6,12
23.4,2012,6,13
24.8,2012,6,14
23.7,2012,6,15
23.5,2012,6,16
23.6,2012,6,17
24.9,2012,6,18
26.0,2012,6,19
25.4,2012,6,20
25.7,2012,6,21
24.3,2012,6,22
26.2,2012,6,23
27.8,2012,6,24
26.5,2012,6,25
24.6,2012,6,26
24.8,2012,6,27
25.3,2012,6,28
25.9,2012,6,29
21.9,2012,6,30
21.6,2012,7,1
24.0,2012,7,2
22.7,2012,7,3
24.4,2012,7,4
22.7,2012,7,5
20.9,2012,7,6
24.8,2012,7,7
25.8,2012,7,8
26.3,2012,7,9
25.9,2012,7,10
23.3,2012,7,11
24.7,2012,7,12
26.1,2012,7,13
22.8,2012,7,14
19.7,2012,7,15
21.7,2012,7,16
25.5,2012,7,17
26.3,2012,7,18
23.9,2012,7,19
25.6,2012,7,20
27.5,2012,7,21
27.2,2012,7,22
27.6,2012,7,23
27.8,2012,7,24
27.9,2012,7,25
28.1,2012,7,26
27.9,2012,7,27
28.5,2012,7,28
29.2,2012,7,29
28.4,2012,7,30
29.0,2012,7,31
30.8,2012,8,1
30.8,2012,8,2
31.3,2012,8,3
31.7,2012,8,4
31.8,2012,8,5
31.5,2012,8,6
30.7,2012,8,7
29.6,2012,8,8
29.7,2012,8,9
27.4,2012,8,10
27.7,2012,8,11
25.5,2012,8,12
26.6,2012,8,13
26.7,2012,8,14
23.7,2012,8,15
26.0,2012,8,16
27.5,2012,8,17
27.2,2012,8,18
27.9,2012,8,19
25.4,2012,8,20
25.3,2012,8,21
22.0,2012,8,22
23.0,2012,8,23
23.3,2012,8,24
25.0,2012,8,25
27.5,2012,8,26
28.5,2012,8,27
26.1,2012,8,28
25.7,2012,8,29
21.4,2012,8,30
23.8,2012,8,31
25.2,2012,9,1
25.0,2012,9,2
24.9,2012,9,3
22.0,2012,9,4
22.3,2012,9,5
21.6,2012,9,6
22.5,2012,9,7
20.2,2012,9,8
20.9,2012,9,9
23.2,2012,9,10
22.8,2012,9,11
21.6,2012,9,12
20.0,2012,9,13
19.4,2012,9,14
21.0,2012,9,15
19.9,2012,9,16
17.3,2012,9,17
20.9,2012,9,18
20.6,2012,9,19
20.1,2012,9,20
20.1,2012,9,21
20.7,2012,9,22
21.2,2012,9,23
21.5,2012,9,24
21.8,2012,9,25
21.3,2012,9,26
20.3,2012,9,27
18.0,2012,9,28
16.4,2012,9,29
16.2,2012,9,30
18.1,2012,10,1
19.3,2012,10,2
19.9,2012,10,3
19.0,2012,10,4
19.0,2012,10,5
19.6,2012,10,6
19.2,2012,10,7
18.4,2012,10,8
17.6,2012,10,9
15.7,2012,10,10
13.9,2012,10,11
14.9,2012,10,12
16.4,2012,10,13
16.3,2012,10,14
14.8,2012,10,15
17.1,2012,10,16
12.6,2012,10,17
11.6,2012,10,18
14.8,2012,10,19
15.8,2012,10,20
18.3,2012,10,21
13.4,2012,10,22
10.0,2012,10,23
13.2,2012,10,24
15.2,2012,10,25
15.9,2012,10,26
14.3,2012,10,27
14.3,2012,10,28
11.7,2012,10,29
8.6,2012,10,30
6.9,2012,10,31
5.6,2012,11,1
7.2,2012,11,2
9.4,2012,11,3
11.8,2012,11,4
8.5,2012,11,5
7.1,2012,11,6
8.4,2012,11,7
8.8,2012,11,8
9.4,2012,11,9
12.0,2012,11,10
8.7,2012,11,11
7.3,2012,11,12
5.3,2012,11,13
2.4,2012,11,14
4.2,2012,11,15
4.9,2012,11,16
5.3,2012,11,17
3.5,2012,11,18
3.4,2012,11,19
1.9,2012,11,20
4.1,2012,11,21
6.7,2012,11,22
3.3,2012,11,23
1.7,2012,11,24
3.4,2012,11,25
2.3,2012,11,26
2.1,2012,11,27
5.0,2012,11,28
0.8,2012,11,29
1.7,2012,11,30
-0.9,2012,12,1
2.9,2012,12,2
1.7,2012,12,3
-3.3,2012,12,4
-3.8,2012,12,5
-6.3,2012,12,6
-4.5,2012,12,7
-8.2,2012,12,8
-10.5,2012,12,9
-8.3,2012,12,10
-6.5,2012,12,11
-5.0,2012,12,12
-1.5,2012,12,13
2.7,2012,12,14
4.6,2012,12,15
1.6,2012,12,16
-0.4,2012,12,17
-6.8,2012,12,18
-6.9,2012,12,19
-3.4,2012,12,20
-0.7,2012,12,21
-3.0,2012,12,22
-8.9,2012,12,23
-8.8,2012,12,24
-8.9,2012,12,25
-10.8,2012,12,26
-5.7,2012,12,27
-0.9,2012,12,28
-0.3,2012,12,29
-8.2,2012,12,30
-8.7,2012,12,31
-4.7,2013,1,1
-11.7,2013,1,2
-13.2,2013,1,3
-10.7,2013,1,4
-7.0,2013,1,5
-6.3,2013,1,6
-5.1,2013,1,7
-4.6,2013,1,8
-9.0,2013,1,9
-8.3,2013,1,10
-3.2,2013,1,11
0.0,2013,1,12
-0.5,2013,1,13
-2.1,2013,1,14
-2.1,2013,1,15
-2.6,2013,1,16
-5.8,2013,1,17
-4.4,2013,1,18
0.5,2013,1,19
1.6,2013,1,20
2.2,2013,1,21
3.8,2013,1,22
1.8,2013,1,23
-0.9,2013,1,24
-9.1,2013,1,25
-9.2,2013,1,26
-7.3,2013,1,27
-3.5,2013,1,28
2.2,2013,1,29
5.4,2013,1,30
7.4,2013,1,31
7.3,2013,2,1
-1.1,2013,2,2
-3.2,2013,2,3
-0.8,2013,2,4
-0.6,2013,2,5
-1.5,2013,2,6
-11.1,2013,2,7
-11.5,2013,2,8
-7.2,2013,2,9
-4.0,2013,2,10
-5.8,2013,2,11
-3.8,2013,2,12
-1.3,2013,2,13
1.1,2013,2,14
-1.2,2013,2,15
-2.6,2013,2,16
2.3,2013,2,17
0.5,2013,2,18
-2.9,2013,2,19
-4.8,2013,2,20
-1.7,2013,2,21
0.5,2013,2,22
-0.9,2013,2,23
1.4,2013,2,24
3.3,2013,2,25
4.8,2013,2,26
3.4,2013,2,27
6.7,2013,2,28
0.8,2013,3,1
-0.8,2013,3,2
0.4,2013,3,3
3.1,2013,3,4
3.7,2013,3,5
7.9,2013,3,6
8.0,2013,3,7
8.5,2013,3,8
13.2,2013,3,9
1.2,2013,3,10
4.2,2013,3,11
7.5,2013,3,12
5.2,2013,3,13
4.1,2013,3,14
4.6,2013,3,15
6.3,2013,3,16
8.2,2013,3,17
8.3,2013,3,18
8.0,2013,3,19
2.8,2013,3,20
1.5,2013,3,21
3.4,2013,3,22
5.4,2013,3,23
5.1,2013,3,24
2.8,2013,3,25
4.4,2013,3,26
7.5,2013,3,27
7.3,2013,3,28
5.4,2013,3,29
4.9,2013,3,30
6.3,2013,3,31
9.2,2013,4,1
7.2,2013,4,2
7.9,2013,4,3
12.6,2013,4,4
14.6,2013,4,5
7.5,2013,4,6
5.1,2013,4,7
8.0,2013,4,8
6.2,2013,4,9
5.0,2013,4,10
5.5,2013,4,11
6.9,2013,4,12
11.4,2013,4,13
8.3,2013,4,14
7.5,2013,4,15
13.2,2013,4,16
14.8,2013,4,17
12.3,2013,4,18
9.8,2013,4,19
6.6,2013,4,20
9.0,2013,4,21
11.4,2013,4,22
11.2,2013,4,23
12.3,2013,4,24
9.3,2013,4,25
11.7,2013,4,26
12.8,2013,4,27
16.0,2013,4,28
13.5,2013,4,29
13.4,2013,4,30
13.2,2013,5,1
12.4,2013,5,2
12.6,2013,5,3
13.9,2013,5,4
14.3,2013,5,5
14.6,2013,5,6
18.7,2013,5,7
19.4,2013,5,8
18.1,2013,5,9
14.0,2013,5,10
17.9,2013,5,11
19.1,2013,5,12
21.6,2013,5,13
20.2,2013,5,14
19.4,2013,5,15
22.0,2013,5,16
20.2,2013,5,17
17.7,2013,5,18
16.6,2013,5,19
14.4,2013,5,20
17.7,2013,5,21
19.7,2013,5,22
22.1,2013,5,23
21.3,2013,5,24
24.7,2013,5,25
23.9,2013,5,26
19.7,2013,5,27
18.9,2013,5,28
16.1,2013,5,29
19.2,2013,5,30
21.3,2013,5,31
21.7,2013,6,1
23.5,2013,6,2
21.3,2013,6,3
22.8,2013,6,4
24.8,2013,6,5
25.0,2013,6,6
25.7,2013,6,7
26.4,2013,6,8
27.4,2013,6,9
27.5,2013,6,10
23.7,2013,6,11
20.5,2013,6,12
23.0,2013,6,13
24.6,2013,6,14
24.6,2013,6,15
22.5,2013,6,16
22.3,2013,6,17
21.7,2013,6,18
24.3,2013,6,19
25.8,2013,6,20
26.6,2013,6,21
25.1,2013,6,22
22.9,2013,6,23
23.5,2013,6,24
25.1,2013,6,25
24.5,2013,6,26
25.1,2013,6,27
25.5,2013,6,28
27.2,2013,6,29
27.7,2013,6,30
27.1,2013,7,1
24.3,2013,7,2
25.2,2013,7,3
24.9,2013,7,4
25.6,2013,7,5
25.2,2013,7,6
24.9,2013,7,7
24.3,2013,7,8
24.5,2013,7,9
25.3,2013,7,10
24.6,2013,7,11
23.6,2013,7,12
24.2,2013,7,13
24.1,2013,7,14
26.5,2013,7,15
26.9,2013,7,16
24.2,2013,7,17
25.1,2013,7,18
26.8,2013,7,19
27.0,2013,7,20
26.8,2013,7,21
26.4,2013,7,22
25.7,2013,7,23
24.7,2013,7,24
26.0,2013,7,25
26.5,2013,7,26
26.2,2013,7,27
25.3,2013,7,28
26.5,2013,7,29
26.3,2013,7,30
26.4,2013,7,31
28.0,2013,8,1
27.4,2013,8,2
28.9,2013,8,3
28.3,2013,8,4
27.7,2013,8,5
26.4,2013,8,6
28.7,2013,8,7
29.3,2013,8,8
29.2,2013,8,9
28.0,2013,8,10
28.7,2013,8,11
29.3,2013,8,12
29.0,2013,8,13
28.6,2013,8,14
28.7,2013,8,15
28.7,2013,8,16
28.7,2013,8,17
28.3,2013,8,18
28.2,2013,8,19
27.4,2013,8,20
28.8,2013,8,21
29.3,2013,8,22
25.7,2013,8,23
26.6,2013,8,24
27.1,2013,8,25
27.0,2013,8,26
25.6,2013,8,27
26.4,2013,8,28
25.5,2013,8,29
25.1,2013,8,30
24.0,2013,8,31
23.5,2013,9,1
22.4,2013,9,2
21.7,2013,9,3
22.0,2013,9,4
21.2,2013,9,5
20.8,2013,9,6
21.9,2013,9,7
22.9,2013,9,8
23.0,2013,9,9
22.0,2013,9,10
20.1,2013,9,11
23.0,2013,9,12
22.9,2013,9,13
23.1,2013,9,14
23.4,2013,9,15
20.9,2013,9,16
22.6,2013,9,17
24.4,2013,9,18
24.7,2013,9,19
23.4,2013,9,20
23.8,2013,9,21
23.1,2013,9,22
23.8,2013,9,23
22.0,2013,9,24
19.5,2013,9,25
17.3,2013,9,26
17.9,2013,9,27
17.4,2013,9,28
17.2,2013,9,29
20.7,2013,9,30
21.6,2013,10,1
19.4,2013,10,2
16.3,2013,10,3
17.4,2013,10,4
20.0,2013,10,5
20.8,2013,10,6
22.8,2013,10,7
20.0,2013,10,8
20.5,2013,10,9
21.1,2013,10,10
18.1,2013,10,11
16.4,2013,10,12
17.3,2013,10,13
18.3,2013,10,14
12.0,2013,10,15
11.2,2013,10,16
12.4,2013,10,17
13.6,2013,10,18
14.6,2013,10,19
16.7,2013,10,20
16.2,2013,10,21
15.9,2013,10,22
16.2,2013,10,23
13.1,2013,10,24
9.3,2013,10,25
10.0,2013,10,26
11.4,2013,10,27
11.6,2013,10,28
12.7,2013,10,29
10.5,2013,10,30
11.7,2013,10,31
14.8,2013,11,1
11.6,2013,11,2
11.9,2013,11,3
12.6,2013,11,4
12.3,2013,11,5
12.2,2013,11,6
12.2,2013,11,7
9.0,2013,11,8
11.6,2013,11,9
5.5,2013,11,10
2.6,2013,11,11
3.4,2013,11,12
4.8,2013,11,13
6.7,2013,11,14
8.2,2013,11,15
7.0,2013,11,16
5.2,2013,11,17
1.1,2013,11,18
1.1,2013,11,19
1.5,2013,11,20
2.6,2013,11,21
4.6,2013,11,22
7.1,2013,11,23
7.3,2013,11,24
4.7,2013,11,25
2.1,2013,11,26
0.0,2013,11,27
-3.8,2013,11,28
-0.7,2013,11,29
5.3,2013,11,30
4.5,2013,12,1
3.9,2013,12,2
6.7,2013,12,3
5.5,2013,12,4
5.5,2013,12,5
3.0,2013,12,6
6.2,2013,12,7
4.2,2013,12,8
3.8,2013,12,9
0.3,2013,12,10
-1.7,2013,12,11
-3.2,2013,12,12
-6.8,2013,12,13
-4.9,2013,12,14
-4.4,2013,12,15
-3.6,2013,12,16
-0.3,2013,12,17
2.2,2013,12,18
-3.5,2013,12,19
-4.0,2013,12,20
-3.1,2013,12,21
-2.1,2013,12,22
-1.1,2013,12,23
-1.6,2013,12,24
-0.5,2013,12,25
-0.5,2013,12,26
-6.8,2013,12,27
-6.5,2013,12,28
-2.9,2013,12,29
2.2,2013,12,30
3.8,2013,12,31
4.0,2014,1,1
1.5,2014,1,2
2.3,2014,1,3
-0.1,2014,1,4
-0.8,2014,1,5
0.8,2014,1,6
3.0,2014,1,7
0.5,2014,1,8
-7.8,2014,1,9
-4.7,2014,1,10
-1.7,2014,1,11
-2.4,2014,1,12
-6.2,2014,1,13
-4.3,2014,1,14
-2.9,2014,1,15
0.1,2014,1,16
-0.1,2014,1,17
-2.2,2014,1,18
-2.6,2014,1,19
-1.5,2014,1,20
-5.5,2014,1,21
-3.9,2014,1,22
-0.8,2014,1,23
3.0,2014,1,24
4.2,2014,1,25
-2.1,2014,1,26
0.2,2014,1,27
1.5,2014,1,28
2.2,2014,1,29
4.0,2014,1,30
1.3,2014,1,31
4.9,2014,2,1
4.9,2014,2,2
-3.5,2014,2,3
-7.4,2014,2,4
-4.8,2014,2,5
-1.3,2014,2,6
2.4,2014,2,7
0.2,2014,2,8
-1.6,2014,2,9
-0.1,2014,2,10
0.2,2014,2,11
1.2,2014,2,12
1.9,2014,2,13
2.7,2014,2,14
2.7,2014,2,15
2.8,2014,2,16
4.2,2014,2,17
2.5,2014,2,18
2.1,2014,2,19
1.2,2014,2,20
0.9,2014,2,21
2.2,2014,2,22
3.1,2014,2,23
4.1,2014,2,24
5.7,2014,2,25
8.4,2014,2,26
7.7,2014,2,27
6.7,2014,2,28
6.0,2014,3,1
4.5,2014,3,2
5.2,2014,3,3
6.3,2014,3,4
1.4,2014,3,5
0.3,2014,3,6
-0.6,2014,3,7
2.0,2014,3,8
1.4,2014,3,9
1.5,2014,3,10
4.5,2014,3,11
6.9,2014,3,12
5.2,2014,3,13
3.4,2014,3,14
6.8,2014,3,15
11.3,2014,3,16
12.6,2014,3,17
10.5,2014,3,18
9.6,2014,3,19
6.3,2014,3,20
5.9,2014,3,21
8.6,2014,3,22
9.6,2014,3,23
10.9,2014,3,24
14.6,2014,3,25
15.4,2014,3,26
13.5,2014,3,27
16.6,2014,3,28
15.0,2014,3,29
14.9,2014,3,30
14.5,2014,3,31
15.6,2014,4,1
15.5,2014,4,2
10.2,2014,4,3
6.6,2014,4,4
6.2,2014,4,5
7.4,2014,4,6
10.3,2014,4,7
11.9,2014,4,8
10.3,2014,4,9
12.5,2014,4,10
13.6,2014,4,11
14.3,2014,4,12
17.2,2014,4,13
16.3,2014,4,14
12.9,2014,4,15
14.0,2014,4,16
14.7,2014,4,17
15.9,2014,4,18
14.0,2014,4,19
14.6,2014,4,20
15.1,2014,4,21
16.0,2014,4,22
17.2,2014,4,23
18.6,2014,4,24
19.0,2014,4,25
18.7,2014,4,26
15.6,2014,4,27
13.6,2014,4,28
15.0,2014,4,29
16.1,2014,4,30
16.0,2014,5,1
15.7,2014,5,2
13.1,2014,5,3
12.3,2014,5,4
11.3,2014,5,5
13.1,2014,5,6
15.7,2014,5,7
14.5,2014,5,8
16.8,2014,5,9
20.5,2014,5,10
18.9,2014,5,11
16.4,2014,5,12
19.2,2014,5,13
19.6,2014,5,14
18.2,2014,5,15
19.0,2014,5,16
20.0,2014,5,17
20.3,2014,5,18
20.0,2014,5,19
21.5,2014,5,20
20.1,2014,5,21
20.9,2014,5,22
22.0,2014,5,23
21.3,2014,5,24
20.5,2014,5,25
19.4,2014,5,26
22.8,2014,5,27
24.0,2014,5,28
23.2,2014,5,29
24.8,2014,5,30
26.2,2014,5,31
24.7,2014,6,1
22.6,2014,6,2
18.7,2014,6,3
22.8,2014,6,4
22.9,2014,6,5
24.4,2014,6,6
23.5,2014,6,7
21.4,2014,6,8
22.9,2014,6,9
23.6,2014,6,10
20.5,2014,6,11
21.2,2014,6,12
21.3,2014,6,13
22.5,2014,6,14
23.2,2014,6,15
23.9,2014,6,16
24.5,2014,6,17
24.4,2014,6,18
22.5,2014,6,19
24.2,2014,6,20
23.1,2014,6,21
23.7,2014,6,22
21.0,2014,6,23
22.9,2014,6,24
23.8,2014,6,25
24.4,2014,6,26
24.1,2014,6,27
23.8,2014,6,28
24.1,2014,6,29
25.3,2014,6,30
26.0,2014,7,1
25.7,2014,7,2
22.6,2014,7,3
26.8,2014,7,4
25.7,2014,7,5
25.7,2014,7,6
27.1,2014,7,7
25.9,2014,7,8
27.6,2014,7,9
28.9,2014,7,10
27.1,2014,7,11
25.3,2014,7,12
25.4,2014,7,13
26.4,2014,7,14
26.8,2014,7,15
26.6,2014,7,16
25.9,2014,7,17
26.1,2014,7,18
27.0,2014,7,19
27.9,2014,7,20
27.3,2014,7,21
25.9,2014,7,22
23.6,2014,7,23
21.9,2014,7,24
27.5,2014,7,25
22.6,2014,7,26
25.0,2014,7,27
26.6,2014,7,28
26.5,2014,7,29
28.6,2014,7,30
28.6,2014,7,31
30.2,2014,8,1
31.4,2014,8,2
26.5,2014,8,3
26.4,2014,8,4
26.6,2014,8,5
24.4,2014,8,6
24.7,2014,8,7
26.1,2014,8,8
26.5,2014,8,9
23.4,2014,8,10
23.7,2014,8,11
25.8,2014,8,12
24.2,2014,8,13
22.3,2014,8,14
24.9,2014,8,15
26.1,2014,8,16
24.0,2014,8,17
22.3,2014,8,18
22.3,2014,8,19
24.8,2014,8,20
23.1,2014,8,21
24.7,2014,8,22
25.2,2014,8,23
25.6,2014,8,24
25.9,2014,8,25
25.4,2014,8,26
24.6,2014,8,27
25.1,2014,8,28
25.2,2014,8,29
24.6,2014,8,30
24.1,2014,8,31
24.1,2014,9,1
23.1,2014,9,2
19.1,2014,9,3
22.4,2014,9,4
23.8,2014,9,5
25.2,2014,9,6
25.3,2014,9,7
24.8,2014,9,8
23.3,2014,9,9
22.4,2014,9,10
23.3,2014,9,11
21.3,2014,9,12
23.1,2014,9,13
23.0,2014,9,14
23.1,2014,9,15
21.3,2014,9,16
20.2,2014,9,17
20.6,2014,9,18
21.4,2014,9,19
21.6,2014,9,20
20.2,2014,9,21
21.4,2014,9,22
23.0,2014,9,23
20.3,2014,9,24
22.2,2014,9,25
21.0,2014,9,26
21.4,2014,9,27
21.7,2014,9,28
19.4,2014,9,29
18.9,2014,9,30
19.2,2014,10,1
18.1,2014,10,2
16.1,2014,10,3
16.9,2014,10,4
17.1,2014,10,5
16.6,2014,10,6
16.1,2014,10,7
16.7,2014,10,8
18.6,2014,10,9
19.0,2014,10,10
19.4,2014,10,11
21.2,2014,10,12
17.4,2014,10,13
13.8,2014,10,14
13.8,2014,10,15
13.2,2014,10,16
13.6,2014,10,17
15.5,2014,10,18
17.0,2014,10,19
14.4,2014,10,20
13.8,2014,10,21
13.6,2014,10,22
13.8,2014,10,23
15.1,2014,10,24
16.5,2014,10,25
16.0,2014,10,26
10.7,2014,10,27
10.2,2014,10,28
12.1,2014,10,29
14.2,2014,10,30
15.0,2014,10,31
17.3,2014,11,1
12.0,2014,11,2
9.3,2014,11,3
11.3,2014,11,4
12.4,2014,11,5
13.5,2014,11,6
9.8,2014,11,7
9.9,2014,11,8
10.0,2014,11,9
9.4,2014,11,10
9.4,2014,11,11
6.0,2014,11,12
-0.2,2014,11,13
4.2,2014,11,14
4.1,2014,11,15
6.6,2014,11,16
6.2,2014,11,17
5.0,2014,11,18
5.6,2014,11,19
7.9,2014,11,20
11.3,2014,11,21
11.0,2014,11,22
9.0,2014,11,23
9.8,2014,11,24
10.2,2014,11,25
11.0,2014,11,26
10.4,2014,11,27
8.8,2014,11,28
8.3,2014,11,29
9.1,2014,11,30
-1.1,2014,12,1
-5.4,2014,12,2
-3.3,2014,12,3
-4.6,2014,12,4
-6.6,2014,12,5
-5.6,2014,12,6
-3.4,2014,12,7
-1.6,2014,12,8
-2.4,2014,12,9
1.6,2014,12,10
-1.5,2014,12,11
-3.8,2014,12,12
-5.2,2014,12,13
-3.6,2014,12,14
-0.1,2014,12,15
-4.9,2014,12,16
-9.0,2014,12,17
-8.3,2014,12,18
-3.8,2014,12,19
-1.7,2014,12,20
-6.4,2014,12,21
-4.7,2014,12,22
-1.3,2014,12,23
1.7,2014,12,24
-2.6,2014,12,25
-3.2,2014,12,26
-1.8,2014,12,27
-0.8,2014,12,28
2.9,2014,12,29
1.9,2014,12,30
-1.9,2014,12,31
-7.7,2015,1,1
-6.0,2015,1,2
-2.7,2015,1,3
2.5,2015,1,4
3.7,2015,1,5
-3.2,2015,1,6
-5.5,2015,1,7
-5.1,2015,1,8
-2.1,2015,1,9
-0.3,2015,1,10
-0.4,2015,1,11
-2.7,2015,1,12
0.2,2015,1,13
2.5,2015,1,14
2.8,2015,1,15
0.8,2015,1,16
-4.1,2015,1,17
-1.3,2015,1,18
-0.1,2015,1,19
-0.9,2015,1,20
2.6,2015,1,21
3.1,2015,1,22
1.2,2015,1,23
3.7,2015,1,24
3.0,2015,1,25
3.6,2015,1,26
-3.6,2015,1,27
-4.1,2015,1,28
-1.1,2015,1,29
-3.3,2015,1,30
-4.5,2015,1,31
-3.0,2015,2,1
-0.6,2015,2,2
0.6,2015,2,3
0.4,2015,2,4
-0.1,2015,2,5
0.4,2015,2,6
1.2,2015,2,7
-9.8,2015,2,8
-5.7,2015,2,9
1.7,2015,2,10
2.7,2015,2,11
-2.2,2015,2,12
-1.6,2015,2,13
2.0,2015,2,14
7.9,2015,2,15
5.0,2015,2,16
1.9,2015,2,17
0.8,2015,2,18
2.2,2015,2,19
5.2,2015,2,20
5.7,2015,2,21
3.5,2015,2,22
0.9,2015,2,23
2.1,2015,2,24
5.4,2015,2,25
1.2,2015,2,26
-1.3,2015,2,27
2.7,2015,2,28
2.4,2015,3,1
3.9,2015,3,2
2.8,2015,3,3
-2.1,2015,3,4
-0.3,2015,3,5
2.9,2015,3,6
4.2,2015,3,7
7.7,2015,3,8
2.2,2015,3,9
-3.4,2015,3,10
0.4,2015,3,11
2.1,2015,3,12
5.6,2015,3,13
4.3,2015,3,14
5.5,2015,3,15
9.8,2015,3,16
10.7,2015,3,17
10.7,2015,3,18
12.4,2015,3,19
13.4,2015,3,20
11.7,2015,3,21
8.3,2015,3,22
4.6,2015,3,23
5.4,2015,3,24
6.5,2015,3,25
7.9,2015,3,26
9.1,2015,3,27
9.7,2015,3,28
10.5,2015,3,29
13.2,2015,3,30
12.9,2015,3,31
12.9,2015,4,1
14.8,2015,4,2
10.6,2015,4,3
13.5,2015,4,4
10.5,2015,4,5
10.3,2015,4,6
8.4,2015,4,7
8.3,2015,4,8
9.6,2015,4,9
11.6,2015,4,10
13.5,2015,4,11
14.9,2015,4,12
12.0,2015,4,13
6.9,2015,4,14
11.1,2015,4,15
9.9,2015,4,16
10.5,2015,4,17
15.2,2015,4,18
14.5,2015,4,19
12.2,2015,4,20
14.0,2015,4,21
14.2,2015,4,22
14.5,2015,4,23
15.7,2015,4,24
15.9,2015,4,25
17.3,2015,4,26
18.5,2015,4,27
20.3,2015,4,28
17.0,2015,4,29
21.2,2015,4,30
21.0,2015,5,1
20.7,2015,5,2
18.3,2015,5,3
16.1,2015,5,4
14.2,2015,5,5
15.4,2015,5,6
16.5,2015,5,7
16.7,2015,5,8
17.6,2015,5,9
19.1,2015,5,10
18.4,2015,5,11
13.3,2015,5,12
17.4,2015,5,13
20.4,2015,5,14
19.1,2015,5,15
18.0,2015,5,16
18.6,2015,5,17
17.7,2015,5,18
14.8,2015,5,19
16.3,2015,5,20
18.7,2015,5,21
20.0,2015,5,22
20.6,2015,5,23
21.0,2015,5,24
20.8,2015,5,25
21.5,2015,5,26
23.2,2015,5,27
24.3,2015,5,28
23.8,2015,5,29
19.8,2015,5,30
22.1,2015,5,31
21.7,2015,6,1
23.1,2015,6,2
23.3,2015,6,3
24.2,2015,6,4
19.1,2015,6,5
22.4,2015,6,6
23.4,2015,6,7
22.4,2015,6,8
22.2,2015,6,9
25.3,2015,6,10
24.6,2015,6,11
23.6,2015,6,12
24.7,2015,6,13
22.8,2015,6,14
24.2,2015,6,15
25.0,2015,6,16
23.4,2015,6,17
24.8,2015,6,18
24.5,2015,6,19
19.6,2015,6,20
22.4,2015,6,21
24.0,2015,6,22
24.7,2015,6,23
25.7,2015,6,24
24.8,2015,6,25
21.0,2015,6,26
25.2,2015,6,27
25.4,2015,6,28
25.7,2015,6,29
24.4,2015,6,30
23.7,2015,7,1
23.7,2015,7,2
23.3,2015,7,3
24.1,2015,7,4
24.2,2015,7,5
25.3,2015,7,6
25.6,2015,7,7
23.4,2015,7,8
26.5,2015,7,9
29.2,2015,7,10
30.4,2015,7,11
24.8,2015,7,12
23.1,2015,7,13
26.1,2015,7,14
27.9,2015,7,15
24.7,2015,7,16
23.6,2015,7,17
24.3,2015,7,18
25.1,2015,7,19
27.5,2015,7,20
27.0,2015,7,21
27.7,2015,7,22
26.9,2015,7,23
24.7,2015,7,24
25.0,2015,7,25
26.0,2015,7,26
26.2,2015,7,27
27.7,2015,7,28
26.7,2015,7,29
28.6,2015,7,30
27.9,2015,7,31
28.2,2015,8,1
26.5,2015,8,2
27.9,2015,8,3
27.5,2015,8,4
28.6,2015,8,5
29.3,2015,8,6
28.9,2015,8,7
26.6,2015,8,8
26.7,2015,8,9
27.0,2015,8,10
26.8,2015,8,11
27.3,2015,8,12
26.5,2015,8,13
26.9,2015,8,14
27.1,2015,8,15
25.8,2015,8,16
26.6,2015,8,17
27.9,2015,8,18
26.8,2015,8,19
25.4,2015,8,20
25.2,2015,8,21
25.5,2015,8,22
26.3,2015,8,23
26.3,2015,8,24
21.7,2015,8,25
21.9,2015,8,26
24.7,2015,8,27
23.2,2015,8,28
24.4,2015,8,29
24.9,2015,8,30
25.9,2015,8,31
25.9,2015,9,1
23.9,2015,9,2
23.9,2015,9,3
24.8,2015,9,4
21.9,2015,9,5
22.2,2015,9,6
22.6,2015,9,7
22.7,2015,9,8
22.4,2015,9,9
22.4,2015,9,10
21.0,2015,9,11
19.2,2015,9,12
20.2,2015,9,13
22.1,2015,9,14
22.8,2015,9,15
21.6,2015,9,16
21.4,2015,9,17
21.9,2015,9,18
22.3,2015,9,19
22.1,2015,9,20
22.6,2015,9,21
23.9,2015,9,22
22.0,2015,9,23
23.4,2015,9,24
23.4,2015,9,25
22.4,2015,9,26
21.9,2015,9,27
21.4,2015,9,28
22.1,2015,9,29
21.3,2015,9,30
16.3,2015,10,1
16.5,2015,10,2
19.2,2015,10,3
16.6,2015,10,4
18.0,2015,10,5
18.7,2015,10,6
19.6,2015,10,7
20.1,2015,10,8
16.2,2015,10,9
12.8,2015,10,10
10.8,2015,10,11
12.3,2015,10,12
15.0,2015,10,13
17.1,2015,10,14
17.9,2015,10,15
17.5,2015,10,16
18.7,2015,10,17
17.9,2015,10,18
18.1,2015,10,19
18.8,2015,10,20
17.9,2015,10,21
17.5,2015,10,22
17.5,2015,10,23
16.9,2015,10,24
16.3,2015,10,25
15.0,2015,10,26
12.1,2015,10,27
9.9,2015,10,28
8.4,2015,10,29
5.4,2015,10,30
5.7,2015,10,31
7.0,2015,11,1
10.8,2015,11,2
11.8,2015,11,3
12.2,2015,11,4
13.2,2015,11,5
13.5,2015,11,6
10.5,2015,11,7
11.1,2015,11,8
10.8,2015,11,9
10.0,2015,11,10
11.6,2015,11,11
14.5,2015,11,12
11.5,2015,11,13
12.8,2015,11,14
13.4,2015,11,15
12.2,2015,11,16
13.9,2015,11,17
10.4,2015,11,18
8.9,2015,11,19
9.8,2015,11,20
9.2,2015,11,21
10.2,2015,11,22
8.5,2015,11,23
5.6,2015,11,24
2.4,2015,11,25
-2.7,2015,11,26
-2.8,2015,11,27
0.1,2015,11,28
2.5,2015,11,29
4.1,2015,11,30
4.0,2015,12,1
6.0,2015,12,2
-0.7,2015,12,3
-0.4,2015,12,4
3.4,2015,12,5
1.3,2015,12,6
1.9,2015,12,7
2.9,2015,12,8
5.0,2015,12,9
7.8,2015,12,10
6.4,2015,12,11
5.2,2015,12,12
5.2,2015,12,13
5.0,2015,12,14
4.7,2015,12,15
-1.0,2015,12,16
-4.6,2015,12,17
-3.3,2015,12,18
-0.1,2015,12,19
1.5,2015,12,20
2.2,2015,12,21
3.1,2015,12,22
5.9,2015,12,23
1.5,2015,12,24
-0.8,2015,12,25
0.9,2015,12,26
-5.7,2015,12,27
-5.7,2015,12,28
-3.2,2015,12,29
0.3,2015,12,30
0.7,2015,12,31
1.2,2016,1,1
5.7,2016,1,2
6.5,2016,1,3
2.0,2016,1,4
-2.7,2016,1,5
-1.7,2016,1,6
-3.4,2016,1,7
-3.3,2016,1,8
-2.1,2016,1,9
0.3,2016,1,10
-3.8,2016,1,11
-5.2,2016,1,12
-4.5,2016,1,13
-3.4,2016,1,14
-0.4,2016,1,15
-0.2,2016,1,16
1.7,2016,1,17
-6.3,2016,1,18
-12.8,2016,1,19
-10.5,2016,1,20
-7.1,2016,1,21
-7.6,2016,1,22
-11.5,2016,1,23
-14.4,2016,1,24
-9.4,2016,1,25
-3.3,2016,1,26
-1.1,2016,1,27
-0.5,2016,1,28
1.9,2016,1,29
0.6,2016,1,30
-3.9,2016,1,31
-6.0,2016,2,1
-5.3,2016,2,2
-2.4,2016,2,3
-0.7,2016,2,4
-2.2,2016,2,5
-3.1,2016,2,6
-2.9,2016,2,7
1.3,2016,2,8
0.3,2016,2,9
2.7,2016,2,10
8.1,2016,2,11
8.4,2016,2,12
11.0,2016,2,13
-2.6,2016,2,14
-5.8,2016,2,15
-2.7,2016,2,16
0.0,2016,2,17
3.5,2016,2,18
2.3,2016,2,19
1.3,2016,2,20
-0.6,2016,2,21
1.1,2016,2,22
0.7,2016,2,23
-3.0,2016,2,24
-0.2,2016,2,25
2.2,2016,2,26
3.3,2016,2,27
0.7,2016,2,28
-3.8,2016,2,29
-2.7,2016,3,1
3.1,2016,3,2
8.1,2016,3,3
13.2,2016,3,4
11.3,2016,3,5
7.9,2016,3,6
8.1,2016,3,7
2.7,2016,3,8
0.3,2016,3,9
-1.1,2016,3,10
-0.5,2016,3,11
2.0,2016,3,12
3.7,2016,3,13
4.7,2016,3,14
5.2,2016,3,15
7.5,2016,3,16
9.3,2016,3,17
13.4,2016,3,18
11.4,2016,3,19
10.6,2016,3,20
9.9,2016,3,21
8.0,2016,3,22
8.2,2016,3,23
7.2,2016,3,24
7.1,2016,3,25
6.5,2016,3,26
7.2,2016,3,27
9.8,2016,3,28
11.3,2016,3,29
11.5,2016,3,30
13.5,2016,3,31
15.3,2016,4,1
15.0,2016,4,2
10.7,2016,4,3
12.3,2016,4,4
11.4,2016,4,5
14.4,2016,4,6
14.1,2016,4,7
11.1,2016,4,8
10.7,2016,4,9
13.4,2016,4,10
12.5,2016,4,11
14.1,2016,4,12
15.6,2016,4,13
12.4,2016,4,14
15.0,2016,4,15
14.9,2016,4,16
10.8,2016,4,17
11.2,2016,4,18
12.0,2016,4,19
14.3,2016,4,20
13.5,2016,4,21
13.5,2016,4,22
13.5,2016,4,23
15.5,2016,4,24
17.2,2016,4,25
21.1,2016,4,26
17.2,2016,4,27
17.2,2016,4,28
16.2,2016,4,29
15.9,2016,4,30
18.8,2016,5,1
21.1,2016,5,2
12.9,2016,5,3
15.7,2016,5,4
18.9,2016,5,5
16.3,2016,5,6
16.5,2016,5,7
19.4,2016,5,8
20.2,2016,5,9
14.5,2016,5,10
16.4,2016,5,11
17.8,2016,5,12
18.6,2016,5,13
20.2,2016,5,14
17.4,2016,5,15
15.9,2016,5,16
19.3,2016,5,17
22.3,2016,5,18
24.3,2016,5,19
24.0,2016,5,20
24.1,2016,5,21
24.7,2016,5,22
23.3,2016,5,23
16.8,2016,5,24
19.7,2016,5,25
19.4,2016,5,26
20.9,2016,5,27
21.7,2016,5,28
21.5,2016,5,29
22.1,2016,5,30
21.6,2016,5,31
23.3,2016,6,1
23.2,2016,6,2
22.2,2016,6,3
21.2,2016,6,4
24.7,2016,6,5
23.3,2016,6,6
21.7,2016,6,7
22.1,2016,6,8
24.1,2016,6,9
24.6,2016,6,10
23.5,2016,6,11
23.5,2016,6,12
23.5,2016,6,13
23.8,2016,6,14
20.9,2016,6,15
20.9,2016,6,16
23.8,2016,6,17
24.5,2016,6,18
24.1,2016,6,19
24.7,2016,6,20
26.0,2016,6,21
24.3,2016,6,22
24.7,2016,6,23
23.1,2016,6,24
22.8,2016,6,25
24.4,2016,6,26
24.4,2016,6,27
24.7,2016,6,28
25.3,2016,6,29
24.6,2016,6,30
24.0,2016,7,1
23.5,2016,7,2
23.5,2016,7,3
21.8,2016,7,4
23.1,2016,7,5
22.9,2016,7,6
24.0,2016,7,7
27.3,2016,7,8
27.7,2016,7,9
27.9,2016,7,10
28.4,2016,7,11
26.3,2016,7,12
26.3,2016,7,13
27.5,2016,7,14
26.2,2016,7,15
20.8,2016,7,16
21.7,2016,7,17
24.4,2016,7,18
27.1,2016,7,19
28.6,2016,7,20
28.3,2016,7,21
29.1,2016,7,22
28.7,2016,7,23
28.0,2016,7,24
28.4,2016,7,25
28.4,2016,7,26
27.6,2016,7,27
28.0,2016,7,28
26.3,2016,7,29
28.6,2016,7,30
28.9,2016,7,31
28.4,2016,8,1
27.2,2016,8,2
29.1,2016,8,3
30.7,2016,8,4
31.2,2016,8,5
30.5,2016,8,6
30.6,2016,8,7
30.5,2016,8,8
29.3,2016,8,9
29.4,2016,8,10
30.5,2016,8,11
30.4,2016,8,12
30.2,2016,8,13
28.9,2016,8,14
29.1,2016,8,15
29.3,2016,8,16
29.9,2016,8,17
29.9,2016,8,18
28.9,2016,8,19
30.1,2016,8,20
30.7,2016,8,21
30.7,2016,8,22
28.3,2016,8,23
29.1,2016,8,24
27.1,2016,8,25
23.0,2016,8,26
23.4,2016,8,27
21.0,2016,8,28
22.2,2016,8,29
20.6,2016,8,30
17.7,2016,8,31
23.2,2016,9,1
24.2,2016,9,2
23.9,2016,9,3
25.6,2016,9,4
26.4,2016,9,5
24.7,2016,9,6
24.3,2016,9,7
23.0,2016,9,8
23.9,2016,9,9
24.4,2016,9,10
24.5,2016,9,11
23.4,2016,9,12
24.6,2016,9,13
24.6,2016,9,14
23.9,2016,9,15
24.6,2016,9,16
23.1,2016,9,17
23.5,2016,9,18
21.9,2016,9,19
20.6,2016,9,20
20.2,2016,9,21
21.9,2016,9,22
21.4,2016,9,23
22.3,2016,9,24
23.0,2016,9,25
23.6,2016,9,26
21.0,2016,9,27
19.9,2016,9,28
20.4,2016,9,29
20.5,2016,9,30
21.1,2016,10,1
19.0,2016,10,2
22.7,2016,10,3
22.0,2016,10,4
21.1,2016,10,5
18.0,2016,10,6
19.7,2016,10,7
16.8,2016,10,8
11.3,2016,10,9
14.0,2016,10,10
15.4,2016,10,11
15.5,2016,10,12
15.2,2016,10,13
16.7,2016,10,14
19.1,2016,10,15
17.2,2016,10,16
17.5,2016,10,17
17.0,2016,10,18
18.0,2016,10,19
18.6,2016,10,20
17.9,2016,10,21
18.3,2016,10,22
13.3,2016,10,23
15.1,2016,10,24
14.1,2016,10,25
13.3,2016,10,26
14.6,2016,10,27
14.6,2016,10,28
7.8,2016,10,29
7.9,2016,10,30
5.7,2016,10,31
1.5,2016,11,1
4.1,2016,11,2
9.1,2016,11,3
12.3,2016,11,4
15.0,2016,11,5
14.0,2016,11,6
12.8,2016,11,7
4.1,2016,11,8
2.1,2016,11,9
6.0,2016,11,10
9.1,2016,11,11
11.4,2016,11,12
14.4,2016,11,13
13.2,2016,11,14
5.2,2016,11,15
5.2,2016,11,16
9.1,2016,11,17
10.3,2016,11,18
13.0,2016,11,19
9.8,2016,11,20
9.5,2016,11,21
2.0,2016,11,22
-1.8,2016,11,23
-2.5,2016,11,24
1.0,2016,11,25
0.9,2016,11,26
3.3,2016,11,27
1.4,2016,11,28
1.7,2016,11,29
6.0,2016,11,30
4.1,2016,12,1
1.6,2016,12,2
4.5,2016,12,3
5.5,2016,12,4
5.9,2016,12,5
-1.1,2016,12,6
1.7,2016,12,7
2.1,2016,12,8
1.4,2016,12,9
-1.6,2016,12,10
-1.1,2016,12,11
2.3,2016,12,12
3.4,2016,12,13
-1.4,2016,12,14
-5.0,2016,12,15
-4.7,2016,12,16
2.7,2016,12,17
4.9,2016,12,18
7.2,2016,12,19
7.6,2016,12,20
7.9,2016,12,21
5.5,2016,12,22
-2.5,2016,12,23
-2.4,2016,12,24
1.0,2016,12,25
2.5,2016,12,26
-2.3,2016,12,27
-3.7,2016,12,28
-4.2,2016,12,29
-3.9,2016,12,30
0.7,2016,12,31
2.7,2017,1,1
5.0,2017,1,2
2.0,2017,1,3
3.9,2017,1,4
3.8,2017,1,5
5.4,2017,1,6
4.6,2017,1,7
6.5,2017,1,8
1.5,2017,1,9
-3.7,2017,1,10
-3.8,2017,1,11
-2.2,2017,1,12
-6.0,2017,1,13
-8.4,2017,1,14
-6.6,2017,1,15
-3.8,2017,1,16
-2.0,2017,1,17
-0.5,2017,1,18
-1.2,2017,1,19
-4.4,2017,1,20
-5.2,2017,1,21
-8.3,2017,1,22
-8.9,2017,1,23
-7.0,2017,1,24
-5.2,2017,1,25
-1.3,2017,1,26
-2.6,2017,1,27
-1.6,2017,1,28
0.8,2017,1,29
-4.8,2017,1,30
-5.4,2017,1,31
-4.0,2017,2,1
-2.7,2017,2,2
1.5,2017,2,3
0.9,2017,2,4
1.2,2017,2,5
-1.7,2017,2,6
-2.0,2017,2,7
-2.2,2017,2,8
-5.3,2017,2,9
-6.6,2017,2,10
-4.8,2017,2,11
-2.2,2017,2,12
0.1,2017,2,13
0.3,2017,2,14
1.8,2017,2,15
5.5,2017,2,16
0.8,2017,2,17
-2.6,2017,2,18
2.3,2017,2,19
-1.5,2017,2,20
-0.6,2017,2,21
1.7,2017,2,22
-1.5,2017,2,23
-0.8,2017,2,24
2.6,2017,2,25
3.6,2017,2,26
3.7,2017,2,27
5.6,2017,2,28
5.0,2017,3,1
1.8,2017,3,2
3.3,2017,3,3
5.7,2017,3,4
5.2,2017,3,5
0.1,2017,3,6
-1.3,2017,3,7
-0.1,2017,3,8
3.2,2017,3,9
4.8,2017,3,10
7.3,2017,3,11
8.2,2017,3,12
6.9,2017,3,13
5.8,2017,3,14
6.3,2017,3,15
6.2,2017,3,16
7.7,2017,3,17
9.5,2017,3,18
10.9,2017,3,19
10.2,2017,3,20
7.4,2017,3,21
7.6,2017,3,22
9.1,2017,3,23
8.7,2017,3,24
8.1,2017,3,25
7.3,2017,3,26
6.1,2017,3,27
7.1,2017,3,28
8.8,2017,3,29
10.6,2017,3,30
8.6,2017,3,31
9.0,2017,4,1
9.0,2017,4,2
11.4,2017,4,3
14.1,2017,4,4
12.0,2017,4,5
10.4,2017,4,6
14.5,2017,4,7
13.0,2017,4,8
14.8,2017,4,9
16.5,2017,4,10
15.3,2017,4,11
11.5,2017,4,12
12.7,2017,4,13
13.0,2017,4,14
16.8,2017,4,15
18.7,2017,4,16
14.7,2017,4,17
11.7,2017,4,18
12.6,2017,4,19
12.9,2017,4,20
13.1,2017,4,21
14.8,2017,4,22
14.9,2017,4,23
15.1,2017,4,24
16.0,2017,4,25
15.1,2017,4,26
13.6,2017,4,27
14.4,2017,4,28
17.1,2017,4,29
19.3,2017,4,30
20.1,2017,5,1
20.7,2017,5,2
21.5,2017,5,3
21.0,2017,5,4
20.9,2017,5,5
14.9,2017,5,6
16.6,2017,5,7
17.9,2017,5,8
17.1,2017,5,9
16.4,2017,5,10
19.3,2017,5,11
19.1,2017,5,12
16.4,2017,5,13
15.7,2017,5,14
16.0,2017,5,15
17.1,2017,5,16
18.6,2017,5,17
20.4,2017,5,18
21.1,2017,5,19
20.9,2017,5,20
21.5,2017,5,21
21.8,2017,5,22
20.0,2017,5,23
21.8,2017,5,24
19.2,2017,5,25
17.7,2017,5,26
19.5,2017,5,27
21.2,2017,5,28
22.9,2017,5,29
23.6,2017,5,30
23.3,2017,5,31
23.3,2017,6,1
20.5,2017,6,2
20.5,2017,6,3
21.7,2017,6,4
24.2,2017,6,5
19.4,2017,6,6
17.6,2017,6,7
20.1,2017,6,8
21.2,2017,6,9
21.5,2017,6,10
22.8,2017,6,11
22.1,2017,6,12
21.5,2017,6,13
21.8,2017,6,14
23.1,2017,6,15
25.5,2017,6,16
24.2,2017,6,17
24.3,2017,6,18
24.8,2017,6,19
26.0,2017,6,20
25.4,2017,6,21
25.3,2017,6,22
26.7,2017,6,23
24.5,2017,6,24
23.8,2017,6,25
23.1,2017,6,26
25.2,2017,6,27
26.0,2017,6,28
26.2,2017,6,29
25.9,2017,6,30
25.3,2017,7,1
24.3,2017,7,2
24.7,2017,7,3
26.7,2017,7,4
27.4,2017,7,5
27.6,2017,7,6
26.4,2017,7,7
26.0,2017,7,8
26.3,2017,7,9
24.0,2017,7,10
26.0,2017,7,11
27.1,2017,7,12
27.6,2017,7,13
28.7,2017,7,14
25.0,2017,7,15
26.2,2017,7,16
26.8,2017,7,17
26.5,2017,7,18
28.3,2017,7,19
29.9,2017,7,20
29.8,2017,7,21
29.3,2017,7,22
27.0,2017,7,23
26.2,2017,7,24
29.4,2017,7,25
28.7,2017,7,26
27.1,2017,7,27
25.5,2017,7,28
27.2,2017,7,29
27.9,2017,7,30
25.7,2017,7,31
28.6,2017,8,1
30.0,2017,8,2
30.2,2017,8,3
30.3,2017,8,4
31.4,2017,8,5
29.8,2017,8,6
29.2,2017,8,7
28.2,2017,8,8
27.6,2017,8,9
24.8,2017,8,10
27.0,2017,8,11
27.8,2017,8,12
26.3,2017,8,13
24.6,2017,8,14
21.9,2017,8,15
23.3,2017,8,16
24.8,2017,8,17
26.3,2017,8,18
26.1,2017,8,19
23.2,2017,8,20
25.8,2017,8,21
27.3,2017,8,22
27.2,2017,8,23
26.5,2017,8,24
25.3,2017,8,25
24.2,2017,8,26
22.7,2017,8,27
21.5,2017,8,28
19.5,2017,8,29
19.8,2017,8,30
22.2,2017,8,31
23.3,2017,9,1
23.8,2017,9,2
23.7,2017,9,3
24.6,2017,9,4
21.9,2017,9,5
20.6,2017,9,6
22.4,2017,9,7
24.3,2017,9,8
23.8,2017,9,9
23.0,2017,9,10
21.2,2017,9,11
22.1,2017,9,12
21.4,2017,9,13
22.4,2017,9,14
22.6,2017,9,15
22.0,2017,9,16
23.1,2017,9,17
21.9,2017,9,18
22.6,2017,9,19
19.5,2017,9,20
20.3,2017,9,21
20.6,2017,9,22
21.8,2017,9,23
22.4,2017,9,24
23.4,2017,9,25
25.1,2017,9,26
22.7,2017,9,27
19.2,2017,9,28
17.4,2017,9,29
20.0,2017,9,30
18.2,2017,10,1
22.0,2017,10,2
17.6,2017,10,3
16.7,2017,10,4
18.7,2017,10,5
18.9,2017,10,6
21.9,2017,10,7
23.0,2017,10,8
22.5,2017,10,9
21.4,2017,10,10
15.5,2017,10,11
11.4,2017,10,12
12.8,2017,10,13
14.4,2017,10,14
15.8,2017,10,15
16.6,2017,10,16
16.2,2017,10,17
16.5,2017,10,18
17.0,2017,10,19
17.0,2017,10,20
17.6,2017,10,21
16.3,2017,10,22
13.7,2017,10,23
14.4,2017,10,24
14.4,2017,10,25
14.5,2017,10,26
16.9,2017,10,27
17.2,2017,10,28
11.5,2017,10,29
7.7,2017,10,30
10.4,2017,10,31
14.4,2017,11,1
15.5,2017,11,2
12.3,2017,11,3
7.8,2017,11,4
8.4,2017,11,5
11.4,2017,11,6
14.4,2017,11,7
13.1,2017,11,8
9.4,2017,11,9
9.8,2017,11,10
5.9,2017,11,11
5.3,2017,11,12
8.4,2017,11,13
7.5,2017,11,14
3.2,2017,11,15
1.0,2017,11,16
3.0,2017,11,17
-2.1,2017,11,18
-1.6,2017,11,19
-0.4,2017,11,20
1.3,2017,11,21
4.3,2017,11,22
0.9,2017,11,23
-0.4,2017,11,24
3.0,2017,11,25
3.3,2017,11,26
2.5,2017,11,27
6.4,2017,11,28
3.2,2017,11,29
-2.4,2017,11,30
-2.2,2017,12,1
1.9,2017,12,2
4.9,2017,12,3
-1.2,2017,12,4
-4.2,2017,12,5
0.2,2017,12,6
0.7,2017,12,7
-3.8,2017,12,8
-0.5,2017,12,9
1.1,2017,12,10
-7.0,2017,12,11
-9.4,2017,12,12
-8.7,2017,12,13
-6.6,2017,12,14
-3.0,2017,12,15
-5.7,2017,12,16
-6.7,2017,12,17
-1.6,2017,12,18
-3.9,2017,12,19
-3.9,2017,12,20
-0.9,2017,12,21
3.4,2017,12,22
6.1,2017,12,23
2.9,2017,12,24
-2.1,2017,12,25
-3.8,2017,12,26
-6.9,2017,12,27
-2.1,2017,12,28
2.1,2017,12,29
1.4,2017,12,30
-0.3,2017,12,31
-1.3,2018,1,1
-1.8,2018,1,2
-4.7,2018,1,3
-4.7,2018,1,4
-3.0,2018,1,5
-2.8,2018,1,6
-0.8,2018,1,7
1.3,2018,1,8
-4.2,2018,1,9
-7.5,2018,1,10
-11.1,2018,1,11
-10.2,2018,1,12
-4.4,2018,1,13
0.6,2018,1,14
4.7,2018,1,15
3.5,2018,1,16
4.5,2018,1,17
2.1,2018,1,18
1.0,2018,1,19
2.2,2018,1,20
0.4,2018,1,21
0.2,2018,1,22
-11.7,2018,1,23
-14.2,2018,1,24
-14.0,2018,1,25
-14.8,2018,1,26
-9.9,2018,1,27
-6.3,2018,1,28
-8.5,2018,1,29
-5.3,2018,1,30
-2.6,2018,1,31
-4.0,2018,2,1
-2.4,2018,2,2
-7.3,2018,2,3
-9.5,2018,2,4
-9.4,2018,2,5
-10.1,2018,2,6
-8.0,2018,2,7
-4.4,2018,2,8
0.4,2018,2,9
-0.5,2018,2,10
-6.1,2018,2,11
-5.8,2018,2,12
-0.8,2018,2,13
3.5,2018,2,14
-0.7,2018,2,15
-1.1,2018,2,16
-3.0,2018,2,17
-0.4,2018,2,18
1.8,2018,2,19
0.9,2018,2,20
-0.9,2018,2,21
1.3,2018,2,22
4.2,2018,2,23
2.4,2018,2,24
1.9,2018,2,25
3.1,2018,2,26
4.2,2018,2,27
4.6,2018,2,28
-0.2,2018,3,1
-0.7,2018,3,2
7.9,2018,3,3
9.8,2018,3,4
5.5,2018,3,5
4.5,2018,3,6
6.4,2018,3,7
4.6,2018,3,8
4.5,2018,3,9
4.6,2018,3,10
6.4,2018,3,11
8.0,2018,3,12
12.4,2018,3,13
17.0,2018,3,14
12.4,2018,3,15
7.1,2018,3,16
6.6,2018,3,17
8.2,2018,3,18
8.0,2018,3,19
4.7,2018,3,20
2.1,2018,3,21
4.9,2018,3,22
6.1,2018,3,23
7.6,2018,3,24
9.6,2018,3,25
11.0,2018,3,26
13.3,2018,3,27
14.0,2018,3,28
15.4,2018,3,29
14.8,2018,3,30
14.0,2018,3,31
15.6,2018,4,1
18.4,2018,4,2
17.8,2018,4,3
13.4,2018,4,4
7.6,2018,4,5
5.8,2018,4,6
4.2,2018,4,7
3.9,2018,4,8
7.9,2018,4,9
15.1,2018,4,10
12.6,2018,4,11
13.3,2018,4,12
14.6,2018,4,13
9.0,2018,4,14
9.5,2018,4,15
11.6,2018,4,16
12.9,2018,4,17
12.4,2018,4,18
14.0,2018,4,19
18.4,2018,4,20
18.7,2018,4,21
15.5,2018,4,22
9.3,2018,4,23
12.1,2018,4,24
14.6,2018,4,25
14.9,2018,4,26
15.7,2018,4,27
15.4,2018,4,28
16.2,2018,4,29
19.2,2018,4,30
20.4,2018,5,1
15.1,2018,5,2
11.2,2018,5,3
14.1,2018,5,4
18.3,2018,5,5
16.6,2018,5,6
19.2,2018,5,7
17.5,2018,5,8
15.7,2018,5,9
15.4,2018,5,10
16.1,2018,5,11
14.2,2018,5,12
15.8,2018,5,13
18.2,2018,5,14
23.2,2018,5,15
22.3,2018,5,16
20.9,2018,5,17
16.3,2018,5,18
17.6,2018,5,19
17.0,2018,5,20
17.8,2018,5,21
18.1,2018,5,22
17.3,2018,5,23
18.3,2018,5,24
19.7,2018,5,25
21.8,2018,5,26
20.3,2018,5,27
22.3,2018,5,28
21.4,2018,5,29
20.2,2018,5,30
20.9,2018,5,31
23.8,2018,6,1
23.4,2018,6,2
24.0,2018,6,3
22.6,2018,6,4
23.7,2018,6,5
23.0,2018,6,6
22.2,2018,6,7
21.9,2018,6,8
23.7,2018,6,9
21.3,2018,6,10
20.2,2018,6,11
21.3,2018,6,12
22.0,2018,6,13
21.6,2018,6,14
21.7,2018,6,15
22.5,2018,6,16
22.8,2018,6,17
24.8,2018,6,18
22.4,2018,6,19
22.7,2018,6,20
23.7,2018,6,21
25.0,2018,6,22
24.5,2018,6,23
25.2,2018,6,24
27.1,2018,6,25
22.3,2018,6,26
22.3,2018,6,27
23.3,2018,6,28
24.7,2018,6,29
24.4,2018,6,30
21.9,2018,7,1
22.6,2018,7,2
27.4,2018,7,3
27.3,2018,7,4
25.3,2018,7,5
23.9,2018,7,6
23.7,2018,7,7
23.3,2018,7,8
20.8,2018,7,9
23.7,2018,7,10
26.8,2018,7,11
26.6,2018,7,12
27.3,2018,7,13
27.9,2018,7,14
28.3,2018,7,15
28.7,2018,7,16
28.1,2018,7,17
28.2,2018,7,18
28.7,2018,7,19
29.5,2018,7,20
30.6,2018,7,21
31.8,2018,7,22
31.7,2018,7,23
31.4,2018,7,24
30.1,2018,7,25
30.1,2018,7,26
30.9,2018,7,27
29.5,2018,7,28
31.3,2018,7,29
31.7,2018,7,30
32.6,2018,7,31
33.6,2018,8,1
33.7,2018,8,2
33.1,2018,8,3
31.1,2018,8,4
30.0,2018,8,5
30.5,2018,8,6
30.5,2018,8,7
31.0,2018,8,8
28.8,2018,8,9
30.7,2018,8,10
31.0,2018,8,11
30.6,2018,8,12
30.5,2018,8,13
31.7,2018,8,14
31.7,2018,8,15
29.9,2018,8,16
27.2,2018,8,17
26.7,2018,8,18
28.2,2018,8,19
29.1,2018,8,20
26.6,2018,8,21
30.7,2018,8,22
29.4,2018,8,23
24.4,2018,8,24
25.2,2018,8,25
23.2,2018,8,26
22.7,2018,8,27
23.7,2018,8,28
25.2,2018,8,29
25.3,2018,8,30
25.6,2018,8,31
25.5,2018,9,1
25.1,2018,9,2
23.3,2018,9,3
23.2,2018,9,4
24.0,2018,9,5
24.1,2018,9,6
22.0,2018,9,7
21.7,2018,9,8
22.2,2018,9,9
22.9,2018,9,10
21.6,2018,9,11
22.8,2018,9,12
23.5,2018,9,13
23.5,2018,9,14
23.3,2018,9,15
22.2,2018,9,16
22.3,2018,9,17
22.0,2018,9,18
22.1,2018,9,19
19.0,2018,9,20
19.4,2018,9,21
20.8,2018,9,22
19.4,2018,9,23
17.6,2018,9,24
17.8,2018,9,25
19.4,2018,9,26
18.9,2018,9,27
17.5,2018,9,28
20.2,2018,9,29
17.6,2018,9,30
15.4,2018,10,1
15.9,2018,10,2
17.3,2018,10,3
19.3,2018,10,4
16.9,2018,10,5
18.0,2018,10,6
16.4,2018,10,7
14.8,2018,10,8
15.3,2018,10,9
12.0,2018,10,10
9.7,2018,10,11
10.9,2018,10,12
12.5,2018,10,13
13.2,2018,10,14
15.2,2018,10,15
14.5,2018,10,16
12.4,2018,10,17
12.7,2018,10,18
13.1,2018,10,19
13.4,2018,10,20
13.4,2018,10,21
14.0,2018,10,22
12.2,2018,10,23
12.5,2018,10,24
13.8,2018,10,25
12.2,2018,10,26
8.7,2018,10,27
8.3,2018,10,28
7.2,2018,10,29
6.1,2018,10,30
7.4,2018,10,31
8.4,2018,11,1
10.6,2018,11,2
11.2,2018,11,3
11.6,2018,11,4
11.9,2018,11,5
12.2,2018,11,6
12.8,2018,11,7
11.8,2018,11,8
12.1,2018,11,9
11.9,2018,11,10
8.1,2018,11,11
8.1,2018,11,12
8.8,2018,11,13
9.8,2018,11,14
9.7,2018,11,15
8.8,2018,11,16
4.9,2018,11,17
6.1,2018,11,18
6.5,2018,11,19
6.5,2018,11,20
5.8,2018,11,21
2.3,2018,11,22
1.9,2018,11,23
2.6,2018,11,24
4.8,2018,11,25
6.3,2018,11,26
7.1,2018,11,27
5.0,2018,11,28
3.5,2018,11,29
2.7,2018,11,30
5.5,2018,12,1
8.2,2018,12,2
11.5,2018,12,3
6.7,2018,12,4
0.0,2018,12,5
2.4,2018,12,6
-7.3,2018,12,7
-8.3,2018,12,8
-7.2,2018,12,9
-2.5,2018,12,10
0.2,2018,12,11
-1.9,2018,12,12
-2.2,2018,12,13
-4.4,2018,12,14
-2.4,2018,12,15
0.0,2018,12,16
1.6,2018,12,17
2.6,2018,12,18
4.0,2018,12,19
3.4,2018,12,20
5.6,2018,12,21
6.9,2018,12,22
2.4,2018,12,23
-2.3,2018,12,24
0.6,2018,12,25
-1.5,2018,12,26
-10.1,2018,12,27
-10.5,2018,12,28
-7.6,2018,12,29
-6.8,2018,12,30
-5.4,2018,12,31
-5.0,2019,1,1
-4.9,2019,1,2
-3.5,2019,1,3
-1.1,2019,1,4
-2.8,2019,1,5
-2.8,2019,1,6
-1.9,2019,1,7
-3.5,2019,1,8
-4.7,2019,1,9
-0.6,2019,1,10
2.4,2019,1,11
2.8,2019,1,12
1.2,2019,1,13
1.4,2019,1,14
-1.7,2019,1,15
-5.2,2019,1,16
-0.3,2019,1,17
0.6,2019,1,18
3.6,2019,1,19
-1.4,2019,1,20
-1.2,2019,1,21
1.7,2019,1,22
2.0,2019,1,23
0.1,2019,1,24
-1.2,2019,1,25
-2.5,2019,1,26
-0.1,2019,1,27
1.2,2019,1,28
-0.2,2019,1,29
1.8,2019,1,30
-2.0,2019,1,31
-2.1,2019,2,1
1.4,2019,2,2
3.3,2019,2,3
-0.6,2019,2,4
2.8,2019,2,5
5.1,2019,2,6
-2.1,2019,2,7
-6.1,2019,2,8
-5.4,2019,2,9
-5.0,2019,2,10
-3.0,2019,2,11
-0.6,2019,2,12
-2.1,2019,2,13
-0.5,2019,2,14
-0.8,2019,2,15
-2.7,2019,2,16
-1.8,2019,2,17
0.9,2019,2,18
1.4,2019,2,19
1.7,2019,2,20
2.4,2019,2,21
4.0,2019,2,22
6.8,2019,2,23
6.3,2019,2,24
4.7,2019,2,25
5.2,2019,2,26
7.8,2019,2,27
6.6,2019,2,28
6.6,2019,3,1
7.8,2019,3,2
9.4,2019,3,3
9.9,2019,3,4
8.4,2019,3,5
8.4,2019,3,6
7.0,2019,3,7
6.1,2019,3,8
7.2,2019,3,9
10.1,2019,3,10
6.6,2019,3,11
3.9,2019,3,12
3.5,2019,3,13
5.0,2019,3,14
5.5,2019,3,15
4.3,2019,3,16
6.3,2019,3,17
7.1,2019,3,18
10.0,2019,3,19
10.3,2019,3,20
7.1,2019,3,21
3.3,2019,3,22
3.3,2019,3,23
4.3,2019,3,24
7.3,2019,3,25
11.4,2019,3,26
11.6,2019,3,27
9.4,2019,3,28
9.2,2019,3,29
5.2,2019,3,30
4.4,2019,3,31
5.5,2019,4,1
6.7,2019,4,2
7.6,2019,4,3
9.2,2019,4,4
11.4,2019,4,5
9.3,2019,4,6
12.6,2019,4,7
11.6,2019,4,8
9.2,2019,4,9
7.1,2019,4,10
9.5,2019,4,11
11.4,2019,4,12
11.8,2019,4,13
9.6,2019,4,14
11.6,2019,4,15
14.9,2019,4,16
15.3,2019,4,17
12.6,2019,4,18
13.8,2019,4,19
14.3,2019,4,20
14.8,2019,4,21
19.3,2019,4,22
20.4,2019,4,23
19.5,2019,4,24
13.2,2019,4,25
8.4,2019,4,26
11.6,2019,4,27
12.9,2019,4,28
13.0,2019,4,29
15.5,2019,4,30
16.4,2019,5,1
17.1,2019,5,2
17.9,2019,5,3
19.5,2019,5,4
19.2,2019,5,5
14.5,2019,5,6
15.0,2019,5,7
15.6,2019,5,8
16.6,2019,5,9
17.8,2019,5,10
20.3,2019,5,11
21.6,2019,5,12
18.7,2019,5,13
19.6,2019,5,14
20.7,2019,5,15
23.5,2019,5,16
23.6,2019,5,17
22.8,2019,5,18
19.4,2019,5,19
16.4,2019,5,20
17.2,2019,5,21
19.5,2019,5,22
22.1,2019,5,23
24.2,2019,5,24
23.4,2019,5,25
24.5,2019,5,26
17.8,2019,5,27
18.1,2019,5,28
20.3,2019,5,29
19.6,2019,5,30
19.1,2019,5,31
18.9,2019,6,1
21.1,2019,6,2
23.1,2019,6,3
22.6,2019,6,4
23.0,2019,6,5
21.2,2019,6,6
20.0,2019,6,7
21.9,2019,6,8
21.6,2019,6,9
18.4,2019,6,10
20.5,2019,6,11
21.5,2019,6,12
23.0,2019,6,13
23.0,2019,6,14
21.9,2019,6,15
22.0,2019,6,16
21.7,2019,6,17
20.8,2019,6,18
21.4,2019,6,19
22.7,2019,6,20
22.1,2019,6,21
24.2,2019,6,22
25.0,2019,6,23
25.2,2019,6,24
25.6,2019,6,25
25.5,2019,6,26
25.5,2019,6,27
24.7,2019,6,28
23.1,2019,6,29
23.9,2019,6,30
23.9,2019,7,1
24.4,2019,7,2
24.1,2019,7,3
25.4,2019,7,4
27.6,2019,7,5
29.7,2019,7,6
26.7,2019,7,7
25.1,2019,7,8
25.0,2019,7,9
22.7,2019,7,10
21.9,2019,7,11
23.6,2019,7,12
24.9,2019,7,13
25.9,2019,7,14
23.8,2019,7,15
24.7,2019,7,16
25.6,2019,7,17
26.9,2019,7,18
28.6,2019,7,19
28.0,2019,7,20
25.1,2019,7,21
26.7,2019,7,22
28.1,2019,7,23
26.5,2019,7,24
26.3,2019,7,25
25.1,2019,7,26
28.4,2019,7,27
26.1,2019,7,28
27.5,2019,7,29
28.1,2019,7,30
25.8,2019,7,31
26.3,2019,8,1
28.4,2019,8,2
29.4,2019,8,3
28.3,2019,8,4
30.5,2019,8,5
31.6,2019,8,6
26.9,2019,8,7
28.9,2019,8,8
29.8,2019,8,9
31.5,2019,8,10
30.4,2019,8,11
26.6,2019,8,12
29.2,2019,8,13
30.4,2019,8,14
25.9,2019,8,15
25.9,2019,8,16
25.9,2019,8,17
25.6,2019,8,18
26.3,2019,8,19
28.2,2019,8,20
27.0,2019,8,21
26.9,2019,8,22
26.2,2019,8,23
24.1,2019,8,24
25.0,2019,8,25
26.4,2019,8,26
25.7,2019,8,27
26.1,2019,8,28
23.4,2019,8,29
22.6,2019,8,30
23.5,2019,8,31
23.7,2019,9,1
24.4,2019,9,2
24.1,2019,9,3
22.8,2019,9,4
23.0,2019,9,5
25.3,2019,9,6
25.7,2019,9,7
24.7,2019,9,8
25.1,2019,9,9
23.8,2019,9,10
24.3,2019,9,11
21.0,2019,9,12
23.3,2019,9,13
22.4,2019,9,14
24.2,2019,9,15
24.5,2019,9,16
23.5,2019,9,17
21.0,2019,9,18
19.5,2019,9,19
19.6,2019,9,20
19.6,2019,9,21
18.6,2019,9,22
20.0,2019,9,23
19.8,2019,9,24
20.9,2019,9,25
22.9,2019,9,26
22.9,2019,9,27
23.7,2019,9,28
22.6,2019,9,29
22.4,2019,9,30
23.1,2019,10,1
21.6,2019,10,2
22.4,2019,10,3
22.4,2019,10,4
18.7,2019,10,5
18.1,2019,10,6
14.8,2019,10,7
14.7,2019,10,8
13.6,2019,10,9
15.2,2019,10,10
18.8,2019,10,11
17.9,2019,10,12
17.2,2019,10,13
14.4,2019,10,14
14.5,2019,10,15
14.6,2019,10,16
15.4,2019,10,17
17.0,2019,10,18
17.0,2019,10,19
16.5,2019,10,20
17.1,2019,10,21
18.1,2019,10,22
17.0,2019,10,23
18.3,2019,10,24
16.7,2019,10,25
10.0,2019,10,26
11.0,2019,10,27
12.9,2019,10,28
12.5,2019,10,29
11.2,2019,10,30
14.8,2019,10,31
14.9,2019,11,1
13.6,2019,11,2
14.7,2019,11,3
13.8,2019,11,4
12.4,2019,11,5
11.0,2019,11,6
9.2,2019,11,7
6.8,2019,11,8
9.5,2019,11,9
10.0,2019,11,10
11.2,2019,11,11
9.3,2019,11,12
7.2,2019,11,13
1.3,2019,11,14
5.6,2019,11,15
6.8,2019,11,16
8.3,2019,11,17
4.6,2019,11,18
0.2,2019,11,19
0.5,2019,11,20
4.2,2019,11,21
9.7,2019,11,22
12.1,2019,11,23
9.8,2019,11,24
1.9,2019,11,25
6.6,2019,11,26
3.1,2019,11,27
3.5,2019,11,28
1.5,2019,11,29
4.1,2019,11,30
4.6,2019,12,1
-0.1,2019,12,2
0.5,2019,12,3
2.0,2019,12,4
-4.4,2019,12,5
-5.9,2019,12,6
-2.4,2019,12,7
-0.9,2019,12,8
3.2,2019,12,9
8.1,2019,12,10
6.3,2019,12,11
-0.7,2019,12,12
2.1,2019,12,13
2.7,2019,12,14
5.3,2019,12,15
7.8,2019,12,16
7.7,2019,12,17
0.8,2019,12,18
-0.8,2019,12,19
-1.1,2019,12,20
-1.2,2019,12,21
4.1,2019,12,22
3.4,2019,12,23
0.8,2019,12,24
2.0,2019,12,25
2.0,2019,12,26
-1.7,2019,12,27
1.1,2019,12,28
3.8,2019,12,29
2.7,2019,12,30
-7.9,2019,12,31
-2.2,2020,1,1
1.0,2020,1,2
-0.1,2020,1,3
1.2,2020,1,4
1.3,2020,1,5
3.1,2020,1,6
6.3,2020,1,7
2.4,2020,1,8
-1.2,2020,1,9
-0.6,2020,1,10
-0.1,2020,1,11
-1.0,2020,1,12
-2.9,2020,1,13
-2.3,2020,1,14
-2.7,2020,1,15
-1.7,2020,1,16
-0.6,2020,1,17
0.3,2020,1,18
1.9,2020,1,19
0.7,2020,1,20
-0.4,2020,1,21
3.0,2020,1,22
4.6,2020,1,23
2.8,2020,1,24
4.3,2020,1,25
5.5,2020,1,26
5.9,2020,1,27
6.8,2020,1,28
6.0,2020,1,29
5.2,2020,1,30
3.9,2020,1,31
2.6,2020,2,1
1.5,2020,2,2
-0.4,2020,2,3
-1.6,2020,2,4
-8.3,2020,2,5
-6.4,2020,2,6
-1.7,2020,2,7
-0.1,2020,2,8
-0.5,2020,2,9
4.0,2020,2,10
6.8,2020,2,11
7.4,2020,2,12
6.5,2020,2,13
8.1,2020,2,14
9.8,2020,2,15
-1.4,2020,2,16
-5.9,2020,2,17
-4.1,2020,2,18
1.0,2020,2,19
4.6,2020,2,20
6.7,2020,2,21
4.0,2020,2,22
2.5,2020,2,23
7.0,2020,2,24
6.7,2020,2,25
6.4,2020,2,26
6.1,2020,2,27
4.5,2020,2,28
7.7,2020,2,29
5.8,2020,3,1
3.4,2020,3,2
4.8,2020,3,3
2.2,2020,3,4
1.4,2020,3,5
3.7,2020,3,6
7.0,2020,3,7
9.3,2020,3,8
11.1,2020,3,9
6.4,2020,3,10
3.8,2020,3,11
6.8,2020,3,12
4.9,2020,3,13
3.6,2020,3,14
4.0,2020,3,15
3.6,2020,3,16
6.6,2020,3,17
10.0,2020,3,18
9.1,2020,3,19
8.8,2020,3,20
12.8,2020,3,21
11.0,2020,3,22
10.6,2020,3,23
11.4,2020,3,24
12.5,2020,3,25
14.8,2020,3,26
11.9,2020,3,27
7.7,2020,3,28
8.7,2020,3,29
10.2,2020,3,30
11.9,2020,3,31
11.3,2020,4,1
9.3,2020,4,2
10.0,2020,4,3
8.9,2020,4,4
7.2,2020,4,5
9.3,2020,4,6
10.6,2020,4,7
9.4,2020,4,8
8.9,2020,4,9
10.7,2020,4,10
9.9,2020,4,11
9.9,2020,4,12
12.4,2020,4,13
13.0,2020,4,14
13.2,2020,4,15
16.0,2020,4,16
12.5,2020,4,17
13.5,2020,4,18
12.3,2020,4,19
10.0,2020,4,20
7.4,2020,4,21
6.0,2020,4,22
7.9,2020,4,23
9.9,2020,4,24
13.1,2020,4,25
12.3,2020,4,26
12.9,2020,4,27
13.9,2020,4,28
14.9,2020,4,29
17.1,2020,4,30
20.2,2020,5,1
20.3,2020,5,2
21.8,2020,5,3
20.2,2020,5,4
16.0,2020,5,5
19.4,2020,5,6
20.7,2020,5,7
19.9,2020,5,8
14.2,2020,5,9
14.4,2020,5,10
16.5,2020,5,11
14.3,2020,5,12
16.1,2020,5,13
19.3,2020,5,14
16.1,2020,5,15
16.7,2020,5,16
19.1,2020,5,17
19.1,2020,5,18
13.0,2020,5,19
14.4,2020,5,20
17.4,2020,5,21
18.5,2020,5,22
20.1,2020,5,23
17.1,2020,5,24
16.6,2020,5,25
16.2,2020,5,26
17.4,2020,5,27
18.7,2020,5,28
20.7,2020,5,29
22.6,2020,5,30
21.2,2020,5,31
19.7,2020,6,1
17.9,2020,6,2
22.0,2020,6,3
21.9,2020,6,4
23.0,2020,6,5
24.6,2020,6,6
22.7,2020,6,7
25.0,2020,6,8
26.7,2020,6,9
25.8,2020,6,10
26.1,2020,6,11
24.7,2020,6,12
26.9,2020,6,13
24.0,2020,6,14
23.0,2020,6,15
24.4,2020,6,16
24.3,2020,6,17
23.4,2020,6,18
24.7,2020,6,19
24.9,2020,6,20
26.1,2020,6,21
28.6,2020,6,22
27.3,2020,6,23
22.3,2020,6,24
21.6,2020,6,25
21.8,2020,6,26
24.1,2020,6,27
25.2,2020,6,28
23.8,2020,6,29
20.1,2020,6,30
21.1,2020,7,1
24.2,2020,7,2
25.5,2020,7,3
24.2,2020,7,4
23.8,2020,7,5
25.6,2020,7,6
24.1,2020,7,7
25.5,2020,7,8
27.5,2020,7,9
24.5,2020,7,10
25.8,2020,7,11
23.5,2020,7,12
18.7,2020,7,13
20.3,2020,7,14
23.4,2020,7,15
25.0,2020,7,16
26.0,2020,7,17
26.1,2020,7,18
24.0,2020,7,19
23.8,2020,7,20
25.0,2020,7,21
23.7,2020,7,22
21.1,2020,7,23
22.5,2020,7,24
24.3,2020,7,25
25.4,2020,7,26
24.3,2020,7,27
24.4,2020,7,28
23.7,2020,7,29
25.3,2020,7,30
26.2,2020,7,31
25.3,2020,8,1
24.9,2020,8,2
25.0,2020,8,3
27.0,2020,8,4
26.5,2020,8,5
24.1,2020,8,6
24.3,2020,8,7
24.2,2020,8,8
24.9,2020,8,9
26.5,2020,8,10
24.6,2020,8,11
27.2,2020,8,12
28.0,2020,8,13
27.1,2020,8,14
26.1,2020,8,15
27.4,2020,8,16
28.2,2020,8,17
27.5,2020,8,18
27.1,2020,8,19
27.7,2020,8,20
26.6,2020,8,21
24.3,2020,8,22
25.3,2020,8,23
27.8,2020,8,24
29.9,2020,8,25
30.2,2020,8,26
27.1,2020,8,27
27.3,2020,8,28
26.8,2020,8,29
26.8,2020,8,30
26.4,2020,8,31
26.6,2020,9,1
24.3,2020,9,2
22.7,2020,9,3
23.3,2020,9,4
23.3,2020,9,5
21.7,2020,9,6
19.2,2020,9,7
23.4,2020,9,8
21.1,2020,9,9
22.8,2020,9,10
22.4,2020,9,11
20.2,2020,9,12
21.5,2020,9,13
21.3,2020,9,14
23.0,2020,9,15
22.5,2020,9,16
21.3,2020,9,17
21.5,2020,9,18
21.2,2020,9,19
19.7,2020,9,20
19.1,2020,9,21
20.2,2020,9,22
19.2,2020,9,23
20.6,2020,9,24
20.1,2020,9,25
19.3,2020,9,26
20.4,2020,9,27
20.7,2020,9,28
19.6,2020,9,29
19.6,2020,9,30
18.8,2020,10,1
19.2,2020,10,2
19.9,2020,10,3
16.6,2020,10,4
13.3,2020,10,5
14.2,2020,10,6
16.0,2020,10,7
17.2,2020,10,8
17.2,2020,10,9
16.9,2020,10,10
16.9,2020,10,11
16.2,2020,10,12
13.6,2020,10,13
12.8,2020,10,14
11.7,2020,10,15
11.8,2020,10,16
13.1,2020,10,17
13.6,2020,10,18
15.1,2020,10,19
15.2,2020,10,20
14.1,2020,10,21
13.5,2020,10,22
8.6,2020,10,23
8.7,2020,10,24
11.8,2020,10,25
12.9,2020,10,26
14.0,2020,10,27
13.8,2020,10,28
10.8,2020,10,29
11.9,2020,10,30
13.6,2020,10,31
13.7,2020,11,1
10.8,2020,11,2
5.1,2020,11,3
4.9,2020,11,4
9.6,2020,11,5
13.5,2020,11,6
14.6,2020,11,7
8.5,2020,11,8
5.5,2020,11,9
7.7,2020,11,10
9.3,2020,11,11
10.4,2020,11,12
12.2,2020,11,13
12.5,2020,11,14
11.1,2020,11,15
12.4,2020,11,16
15.9,2020,11,17
16.6,2020,11,18
13.6,2020,11,19
2.8,2020,11,20
6.5,2020,11,21
5.6,2020,11,22
1.7,2020,11,23
2.9,2020,11,24
4.6,2020,11,25
5.6,2020,11,26
4.1,2020,11,27
-0.1,2020,11,28
-0.6,2020,11,29
-0.2,2020,11,30
1.1,2020,12,1
2.4,2020,12,2
0.7,2020,12,3
-0.6,2020,12,4
2.1,2020,12,5
4.5,2020,12,6
3.4,2020,12,7
-0.5,2020,12,8
1.5,2020,12,9
5.8,2020,12,10
5.3,2020,12,11
2.3,2020,12,12
-1.1,2020,12,13
-7.7,2020,12,14
-8.3,2020,12,15
-8.3,2020,12,16
-4.9,2020,12,17
-2.1,2020,12,18
-5.1,2020,12,19
-3.7,2020,12,20
-1.0,2020,12,21
2.0,2020,12,22
4.5,2020,12,23
2.6,2020,12,24
-0.8,2020,12,25
2.2,2020,12,26
5.8,2020,12,27
6.7,2020,12,28
0.1,2020,12,29
-10.9,2020,12,30
-8.9,2020,12,31
